Music,Genre,SampleRate
"[-0.03338623 -0.05020142 -0.03128052 ... -0.0112915  -0.00750732
 -0.0085144 ]",blues,22050
"[ 0.03570557  0.05581665  0.04812622 ... -0.3829651  -0.410614
 -0.39138794]",blues,22050
"[-0.02020264 -0.03634644 -0.02706909 ...  0.01159668  0.01779175
  0.04614258]",blues,22050
"[-0.23886108 -0.41534424 -0.3161621  ... -0.00558472 -0.00338745
 -0.01620483]",blues,22050
"[-0.01669312 -0.02764893 -0.02191162 ...  0.12365723  0.13430786
  0.1262207 ]",blues,22050
[0.0552063  0.08731079 0.07107544 ... 0.02307129 0.03149414 0.01797485],blues,22050
"[-0.00354004  0.00198364 -0.01864624 ... -0.02862549 -0.01855469
 -0.00570679]",blues,22050
"[-0.10046387 -0.15109253 -0.15005493 ...  0.23175049  0.26260376
  0.25552368]",blues,22050
"[-0.00836182 -0.01040649 -0.01641846 ... -0.09402466 -0.11422729
 -0.16644287]",blues,22050
[0.01361084 0.02810669 0.03515625 ... 0.03616333 0.03378296 0.04040527],blues,22050
"[-0.03277588 -0.04876709 -0.04104614 ... -0.12219238 -0.15109253
 -0.17999268]",blues,22050
"[-0.17077637 -0.27716064 -0.26010132 ...  0.06536865  0.07171631
  0.06881714]",blues,22050
"[ 0.0017395   0.00390625  0.00375366 ... -0.08197021 -0.14053345
 -0.17556763]",blues,22050
"[-0.01089478 -0.01052856 -0.00549316 ... -0.10565186 -0.10415649
 -0.02426147]",blues,22050
"[-0.01055908 -0.01623535 -0.012146   ...  0.0675354   0.07672119
  0.07815552]",blues,22050
"[-0.0980835  -0.08453369 -0.06008911 ... -0.07894897 -0.11987305
 -0.04449463]",blues,22050
"[-0.03082275 -0.03540039 -0.03076172 ...  0.00561523  0.00332642
 -0.00238037]",blues,22050
[0.03710938 0.07446289 0.07992554 ... 0.04644775 0.02532959 0.01647949],blues,22050
"[-0.1104126  -0.16241455 -0.11431885 ...  0.1579895   0.0814209
  0.08309937]",blues,22050
"[ 0.11239624  0.14764404  0.11526489 ... -0.11135864 -0.10614014
 -0.07278442]",blues,22050
"[-0.01901245 -0.04046631 -0.05606079 ... -0.02963257  0.0111084
  0.00811768]",blues,22050
"[ 0.01647949  0.03048706  0.01889038 ... -0.12155151 -0.12945557
 -0.0958252 ]",blues,22050
"[-0.10806274 -0.15075684 -0.17327881 ... -0.10281372 -0.09716797
 -0.07785034]",blues,22050
"[ 0.21246338  0.31881714  0.17388916 ... -0.03594971 -0.04187012
 -0.02597046]",blues,22050
"[-0.04974365 -0.08596802 -0.08615112 ... -0.11828613 -0.1229248
 -0.11422729]",blues,22050
[0.06652832 0.09335327 0.04510498 ... 0.08078003 0.06115723 0.04190063],blues,22050
"[-0.21359253 -0.35723877 -0.31430054 ... -0.0574646  -0.01867676
 -0.01022339]",blues,22050
"[ 0.01705933  0.03436279  0.03353882 ... -0.03640747 -0.01687622
 -0.00280762]",blues,22050
"[-0.19836426 -0.38546753 -0.2819519  ... -0.15209961 -0.08755493
  0.04107666]",blues,22050
"[-0.14169312 -0.22286987 -0.19650269 ... -0.14581299 -0.13986206
 -0.08670044]",blues,22050
"[ 0.00479126  0.05578613  0.12127686 ... -0.00210571 -0.00653076
  0.0010376 ]",blues,22050
"[-0.1638794  -0.28948975 -0.26593018 ...  0.18536377 -0.32614136
 -0.32296753]",blues,22050
"[ 0.00799561  0.0022583   0.01434326 ...  0.00970459 -0.1585083
 -0.15991211]",blues,22050
"[ 0.12524414  0.18426514  0.09741211 ... -0.10821533 -0.17260742
 -0.18206787]",blues,22050
[0.00588989 0.00765991 0.0012207  ... 0.06884766 0.04101562 0.01550293],blues,22050
"[ 0.16952515  0.29315186  0.1512146  ... -0.6881714  -0.79211426
 -0.7977295 ]",blues,22050
"[-0.16659546 -0.23223877 -0.2239685  ... -0.06652832 -0.06881714
 -0.06912231]",blues,22050
[0.06283569 0.08822632 0.08084106 ... 0.22628784 0.29864502 0.20721436],blues,22050
"[-0.13821411 -0.22592163 -0.18408203 ...  0.01663208  0.02062988
 -0.00970459]",blues,22050
"[-0.02407837 -0.05328369 -0.06829834 ... -0.06369019 -0.10137939
  0.00820923]",blues,22050
"[ 0.06378174  0.08837891  0.04940796 ... -0.17605591 -0.14416504
 -0.15023804]",blues,22050
"[ 0.07894897  0.13638306  0.13336182 ... -0.01293945 -0.00521851
  0.00741577]",blues,22050
"[-0.04641724 -0.12106323 -0.13388062 ... -0.2052002  -0.19973755
 -0.19302368]",blues,22050
"[ 0.02215576 -0.02536011 -0.0512085  ...  0.04190063  0.06417847
  0.07730103]",blues,22050
[0.06060791 0.08435059 0.06304932 ... 0.01937866 0.01895142 0.02755737],blues,22050
"[-0.03820801 -0.06240845 -0.06326294 ...  0.03881836  0.02508545
  0.00601196]",blues,22050
"[-0.02502441 -0.15545654 -0.22753906 ... -0.0088501  -0.01254272
 -0.05499268]",blues,22050
[0.04190063 0.11297607 0.15304565 ... 0.02462769 0.01577759 0.01290894],blues,22050
"[-0.13711548 -0.23635864 -0.2230835  ...  0.29779053  0.38290405
  0.48571777]",blues,22050
"[-0.131073   -0.11239624 -0.02319336 ...  0.08990479  0.11972046
  0.10708618]",blues,22050
"[-0.5245056  -0.81640625 -0.5826111  ... -0.03433228 -0.0274353
 -0.03268433]",blues,22050
"[-0.24917603 -0.32904053 -0.15524292 ... -0.30548096 -0.21594238
 -0.16586304]",blues,22050
"[-0.07684326 -0.13812256 -0.118927   ... -0.04815674 -0.13256836
 -0.0440979 ]",blues,22050
"[ 0.15414429  0.1751709   0.0730896  ... -0.2531128  -0.2521057
 -0.13058472]",blues,22050
"[-0.236969   -0.296875   -0.08099365 ...  0.4902649   0.5562134
  0.6029663 ]",blues,22050
"[ 0.23739624  0.36120605  0.30667114 ...  0.17504883  0.01113892
 -0.18429565]",blues,22050
"[-0.13650513 -0.23358154 -0.21896362 ...  0.16055298  0.03646851
 -0.01699829]",blues,22050
[0.25909424 0.48797607 0.5100403  ... 0.5618286  0.7053833  0.5423889 ],blues,22050
"[-0.0244751  -0.0541687  -0.08081055 ... -0.10940552 -0.03323364
 -0.1116333 ]",blues,22050
"[-0.00338745  0.15115356  0.18841553 ... -0.05203247 -0.1149292
 -0.13412476]",blues,22050
"[-0.02090454  0.01016235  0.04364014 ... -0.0977478  -0.09606934
 -0.08364868]",blues,22050
"[-0.05612183 -0.13653564 -0.17175293 ...  0.00213623  0.00097656
  0.0088501 ]",blues,22050
"[ 0.36514282  0.5903015   0.5239563  ... -0.01025391 -0.01419067
 -0.00646973]",blues,22050
"[-0.00299072  0.00485229  0.00845337 ... -0.06799316 -0.09191895
 -0.0987854 ]",blues,22050
[0.23117065 0.3553772  0.30532837 ... 0.01785278 0.02093506 0.01852417],blues,22050
[0.03161621 0.05133057 0.0489502  ... 0.05999756 0.0592041  0.05136108],blues,22050
"[ 0.04489136  0.07424927  0.06942749 ... -0.01293945 -0.05969238
 -0.08255005]",blues,22050
"[ 0.09863281  0.15170288  0.12884521 ... -0.06152344 -0.06439209
 -0.06393433]",blues,22050
"[ 0.04281616  0.06796265  0.06079102 ... -0.02484131 -0.02929688
 -0.03005981]",blues,22050
"[-0.16357422 -0.18377686 -0.14898682 ...  0.3703308   0.38912964
  0.37878418]",blues,22050
"[ 0.00396729  0.00012207  0.0166626  ... -0.03201294 -0.02890015
 -0.03329468]",blues,22050
"[-0.00015259  0.00466919  0.01028442 ... -0.00985718 -0.009552
 -0.01708984]",blues,22050
"[ 0.06954956  0.11352539  0.10494995 ... -0.12515259 -0.15994263
 -0.16281128]",blues,22050
[0.17141724 0.23706055 0.10256958 ... 0.02780151 0.06393433 0.06265259],blues,22050
"[-0.00332642 -0.01135254 -0.00799561 ...  0.00863647  0.01904297
  0.02990723]",blues,22050
[0.009552   0.01864624 0.02017212 ... 0.03118896 0.03997803 0.04785156],classical,22050
"[-0.07998657 -0.09335327 -0.0329895  ... -0.06915283 -0.06433105
 -0.0581665 ]",classical,22050
[0.00708008 0.01190186 0.0123291  ... 0.01312256 0.01364136 0.012146  ],classical,22050
"[-0.01916504 -0.04623413 -0.0696106  ... -0.0083313   0.01409912
  0.03713989]",classical,22050
"[ 0.00698853  0.00720215  0.00360107 ... -0.12380981 -0.16156006
 -0.19015503]",classical,22050
"[-0.0039978  -0.00866699 -0.00790405 ...  0.00918579  0.00997925
  0.00933838]",classical,22050
"[-0.05349731 -0.08444214 -0.07592773 ... -0.01257324 -0.01620483
 -0.01782227]",classical,22050
"[ 0.00079346  0.0017395   0.00183105 ... -0.00402832 -0.00448608
 -0.00424194]",classical,22050
"[-0.00439453 -0.00662231 -0.00616455 ... -0.00485229 -0.00802612
 -0.00921631]",classical,22050
"[ 0.01577759  0.03088379  0.03448486 ... -0.03408813 -0.03344727
 -0.0300293 ]",classical,22050
[0.00930786 0.01437378 0.01144409 ... 0.0105896  0.0140686  0.01730347],classical,22050
"[ 0.00167847  0.00393677  0.00320435 ... -0.00067139 -0.00082397
 -0.00091553]",classical,22050
[0.10583496 0.12988281 0.04690552 ... 0.         0.00112915 0.00189209],classical,22050
"[-0.07763672 -0.12094116 -0.09970093 ... -0.08068848 -0.10897827
 -0.12832642]",classical,22050
"[-0.02301025 -0.02984619 -0.01959229 ...  0.00152588  0.00296021
  0.00167847]",classical,22050
"[ 0.00564575  0.00817871  0.00622559 ... -0.00527954 -0.00521851
 -0.00454712]",classical,22050
"[-0.00662231 -0.00918579 -0.00610352 ...  0.00344849  0.00161743
  0.00119019]",classical,22050
"[-0.0177002   0.01651001  0.05218506 ... -0.01965332 -0.05953979
 -0.09155273]",classical,22050
[0.05654907 0.04812622 0.03131104 ... 0.         0.         0.        ],classical,22050
"[ 0.01296997  0.01077271  0.0088501  ... -0.00262451 -0.00094604
  0.00192261]",classical,22050
"[-0.06307983 -0.05401611 -0.04678345 ...  0.18322754  0.17730713
  0.16671753]",classical,22050
[0.06967163 0.06594849 0.04238892 ... 0.01867676 0.01342773 0.02151489],classical,22050
"[ 0.00784302  0.00726318  0.00582886 ... -0.00891113 -0.01077271
 -0.01013184]",classical,22050
"[-0.22531128 -0.1741333  -0.13241577 ...  0.11032104  0.08300781
  0.05133057]",classical,22050
"[-0.11593628 -0.15219116 -0.12042236 ... -0.05853271 -0.0585022
 -0.06274414]",classical,22050
[0.00305176 0.00137329 0.00415039 ... 0.01333618 0.01409912 0.01431274],classical,22050
"[-0.00204468 -0.00216675 -0.00149536 ... -0.09024048 -0.07614136
 -0.04794312]",classical,22050
"[-0.06484985 -0.10720825 -0.10943604 ...  0.00100708  0.00100708
  0.00109863]",classical,22050
"[-0.20825195 -0.16204834 -0.12033081 ... -0.01043701 -0.01095581
 -0.01226807]",classical,22050
"[-0.16220093 -0.24996948 -0.22930908 ...  0.          0.
  0.        ]",classical,22050
"[ 0.00787354  0.00527954  0.00448608 ... -0.02923584 -0.02362061
 -0.01629639]",classical,22050
"[ 0.05117798  0.04669189  0.10043335 ... -0.0586853  -0.09155273
 -0.12625122]",classical,22050
"[-0.01312256 -0.01367188 -0.01391602 ...  0.00952148  0.01931763
  0.02084351]",classical,22050
"[ 0.00137329  0.00549316  0.0149231  ... -0.02636719 -0.01422119
 -0.0010376 ]",classical,22050
"[-0.02133179 -0.03128052 -0.0368042  ...  0.02316284  0.02017212
  0.01461792]",classical,22050
"[-0.03042603 -0.02200317 -0.02359009 ...  0.03930664  0.0831604
  0.05722046]",classical,22050
"[-0.0173645  -0.01702881 -0.01657104 ... -0.05697632 -0.04873657
 -0.0413208 ]",classical,22050
"[ 0.0255127   0.01046753 -0.01168823 ...  0.01217651  0.01300049
  0.01422119]",classical,22050
"[-0.00540161 -0.00619507 -0.00698853 ... -0.00735474 -0.00778198
 -0.00811768]",classical,22050
"[ 0.00656128  0.00662231  0.00665283 ... -0.01055908 -0.01025391
 -0.01016235]",classical,22050
"[ 0.00131226  0.00128174  0.00131226 ... -0.07116699 -0.07696533
 -0.07522583]",classical,22050
"[ 0.00982666  0.0090332   0.00726318 ... -0.17544556 -0.17849731
 -0.17626953]",classical,22050
"[-0.00109863 -0.0010376  -0.00109863 ... -0.04022217 -0.01620483
  0.00531006]",classical,22050
[0.01068115 0.03204346 0.05667114 ... 0.0173645  0.01751709 0.01815796],classical,22050
"[ 0.0446167   0.03884888  0.03097534 ... -0.00912476 -0.00930786
 -0.00915527]",classical,22050
"[-0.01803589 -0.02142334 -0.01879883 ...  0.05975342  0.06149292
  0.06118774]",classical,22050
[0.00082397 0.00814819 0.01199341 ... 0.00201416 0.01208496 0.01385498],classical,22050
[0.03161621 0.02642822 0.0246582  ... 0.01641846 0.01043701 0.00692749],classical,22050
[0.00601196 0.00238037 0.00372314 ... 0.00845337 0.01815796 0.02368164],classical,22050
"[ 0.02334595  0.02868652  0.02703857 ... -0.02053833 -0.00152588
  0.01318359]",classical,22050
"[-0.00036621 -0.00286865 -0.00531006 ...  0.00921631  0.00747681
  0.00534058]",classical,22050
[0.01049805 0.01318359 0.01434326 ... 0.00848389 0.01269531 0.01455688],classical,22050
"[ 0.00601196  0.003479    0.00106812 ... -0.00708008 -0.00802612
 -0.00906372]",classical,22050
"[ 0.00167847  0.00262451  0.00344849 ... -0.00213623 -0.00228882
 -0.00244141]",classical,22050
"[-0.01782227 -0.01669312 -0.01486206 ... -0.00531006 -0.00546265
 -0.00549316]",classical,22050
"[-0.04049683 -0.0402832  -0.0397644  ...  0.01278687  0.01135254
  0.00958252]",classical,22050
"[-0.03338623 -0.02575684 -0.0166626  ...  0.01620483 -0.00680542
 -0.02270508]",classical,22050
"[-0.00949097 -0.0078125  -0.0055542  ...  0.0090332  -0.00469971
 -0.01504517]",classical,22050
"[ 0.02630615  0.02297974  0.01797485 ...  0.01303101  0.00576782
 -0.00183105]",classical,22050
"[-0.03964233 -0.03643799 -0.03091431 ... -0.03707886 -0.015625
  0.01159668]",classical,22050
"[-0.00100708  0.00228882  0.00390625 ... -0.00299072 -0.01049805
 -0.00704956]",classical,22050
"[-0.01403809 -0.01486206 -0.01907349 ... -0.00994873 -0.00588989
 -0.00238037]",classical,22050
[0.01074219 0.01446533 0.01654053 ... 0.09103394 0.08425903 0.07061768],classical,22050
"[-0.0078125  -0.00787354 -0.00775146 ...  0.05319214  0.00314331
 -0.04696655]",classical,22050
"[-0.02911377 -0.01876831  0.01699829 ...  0.01211548  0.01065063
  0.00872803]",classical,22050
"[ 0.02862549  0.01321411 -0.02185059 ... -0.00158691  0.00186157
  0.00491333]",classical,22050
"[-0.00039673  0.01599121  0.02667236 ... -0.09570312 -0.05700684
 -0.02520752]",classical,22050
"[ 0.02633667  0.04815674  0.05267334 ... -0.12530518 -0.14364624
 -0.11053467]",classical,22050
"[-0.07272339 -0.12576294 -0.11993408 ... -0.01663208 -0.00964355
 -0.00167847]",classical,22050
"[ 0.00534058  0.00323486 -0.00183105 ... -0.00158691 -0.00219727
 -0.00204468]",classical,22050
"[-0.0007019  -0.0010376  -0.0020752  ... -0.00784302 -0.00738525
 -0.00964355]",classical,22050
"[-0.08078003 -0.09741211 -0.0390625  ... -0.00186157 -0.04296875
 -0.05819702]",classical,22050
"[-0.02456665 -0.04626465 -0.03964233 ...  0.04244995  0.04537964
  0.04504395]",classical,22050
[0.00479126 0.00488281 0.0045166  ... 0.01306152 0.01400757 0.01345825],classical,22050
"[ 0.00497437  0.00491333  0.00244141 ...  0.00079346 -0.00396729
 -0.00378418]",classical,22050
"[-0.03689575 -0.03115845 -0.02194214 ...  0.01855469  0.02093506
  0.02236938]",country,22050
[0.1972351  0.18109131 0.15893555 ... 0.08145142 0.07565308 0.06491089],country,22050
"[-0.10757446 -0.1585083  -0.12939453 ...  0.11965942  0.12826538
  0.12832642]",country,22050
"[-0.03527832 -0.03302002 -0.02966309 ...  0.0072937   0.00473022
  0.00683594]",country,22050
"[-0.02224731 -0.0241394  -0.02676392 ... -0.1505127  -0.17611694
 -0.17214966]",country,22050
"[-0.00131226 -0.00311279 -0.00738525 ... -0.04379272 -0.04467773
 -0.04608154]",country,22050
"[ 0.09545898  0.10101318  0.10742188 ...  0.04309082  0.02359009
 -0.01486206]",country,22050
"[-0.01101685 -0.00915527 -0.00811768 ... -0.04425049 -0.03756714
 -0.03192139]",country,22050
"[ 0.00228882  0.01434326  0.02386475 ... -0.1642456  -0.10043335
  0.02682495]",country,22050
"[-0.00280762 -0.01260376 -0.01239014 ...  0.11737061  0.13104248
  0.1262207 ]",country,22050
"[-0.072052   -0.02139282  0.05712891 ...  0.01229858  0.02362061
  0.03048706]",country,22050
"[ 0.00720215  0.00741577  0.00692749 ... -0.03387451 -0.06890869
 -0.07501221]",country,22050
"[ 0.02249146  0.03356934  0.04592896 ... -0.05383301 -0.06958008
 -0.09661865]",country,22050
"[-0.01098633  0.06634521  0.0524292  ... -0.00308228  0.01525879
  0.00650024]",country,22050
[0.12008667 0.17089844 0.11740112 ... 0.059021   0.06976318 0.13381958],country,22050
"[ 0.04107666  0.0406189   0.04562378 ... -0.04745483 -0.05529785
 -0.03515625]",country,22050
[0.10247803 0.08059692 0.10037231 ... 0.08895874 0.11795044 0.16305542],country,22050
"[ 0.06491089  0.05664062  0.0802002  ...  0.01184082 -0.02200317
 -0.00823975]",country,22050
"[ 0.1423645   0.11761475  0.06289673 ... -0.02401733  0.02349854
  0.13815308]",country,22050
"[-0.12930298 -0.13293457 -0.13562012 ... -0.01504517 -0.01538086
 -0.02111816]",country,22050
"[-0.13919067 -0.11087036 -0.08920288 ...  0.21487427  0.20837402
  0.04736328]",country,22050
"[ 0.05090332  0.05529785  0.04110718 ...  0.01272583 -0.00485229
 -0.02026367]",country,22050
"[-0.01055908 -0.01712036 -0.02111816 ...  0.03747559  0.01239014
 -0.03366089]",country,22050
"[ 0.00991821  0.00473022 -0.00244141 ...  0.23114014  0.22109985
  0.21343994]",country,22050
"[-0.04144287 -0.03240967 -0.02157593 ...  0.04397583  0.03790283
  0.02429199]",country,22050
"[ 0.0461731   0.05691528  0.00158691 ... -0.05786133 -0.10861206
 -0.12380981]",country,22050
"[-0.00799561 -0.01971436 -0.03125    ...  0.03573608 -0.03222656
 -0.08355713]",country,22050
"[-0.01470947 -0.02044678 -0.0173645  ... -0.056427   -0.06686401
 -0.06759644]",country,22050
"[-0.02081299 -0.03112793 -0.02337646 ...  0.06750488  0.15997314
  0.21435547]",country,22050
"[-0.0524292  -0.05078125  0.00100708 ...  0.03930664  0.0526123
  0.07250977]",country,22050
[0.09033203 0.11953735 0.10821533 ... 0.00473022 0.06304932 0.11682129],country,22050
"[-0.06842041 -0.11776733 -0.11746216 ...  0.03613281  0.05218506
  0.05300903]",country,22050
"[-0.05865479 -0.02615356  0.06219482 ... -0.12539673 -0.13415527
 -0.11663818]",country,22050
"[ 0.21331787  0.34069824  0.29263306 ... -0.04797363 -0.04437256
  0.01321411]",country,22050
"[ 0.04077148  0.06689453  0.06573486 ... -0.23034668 -0.22885132
 -0.22930908]",country,22050
"[-0.06329346 -0.10385132 -0.10473633 ... -0.05487061 -0.05718994
 -0.05703735]",country,22050
"[ 0.02011108  0.03500366  0.0355835  ... -0.02651978 -0.09307861
 -0.12701416]",country,22050
"[-0.00164795 -0.00827026 -0.02133179 ... -0.00302124  0.0071106
 -0.00256348]",country,22050
[0.33493042 0.50271606 0.43899536 ... 0.08468628 0.08477783 0.07394409],country,22050
"[ 0.04299927  0.06759644  0.06140137 ... -0.01998901 -0.01934814
 -0.01605225]",country,22050
[0.02719116 0.04751587 0.04974365 ... 0.07989502 0.09991455 0.10647583],country,22050
"[-0.0446167  -0.06494141 -0.04318237 ... -0.10662842  0.04641724
  0.17834473]",country,22050
"[-0.02627563 -0.03955078 -0.03259277 ...  0.06784058  0.06689453
  0.06121826]",country,22050
"[-0.012146   -0.01693726 -0.01751709 ... -0.01843262 -0.025177
 -0.03182983]",country,22050
"[ 0.02947998  0.06439209  0.08108521 ... -0.02120972 -0.04342651
 -0.05130005]",country,22050
"[ 0.08029175  0.14419556  0.16375732 ... -0.01300049 -0.02056885
 -0.03701782]",country,22050
"[ 0.02487183  0.0380249   0.02770996 ... -0.02423096 -0.02633667
 -0.03213501]",country,22050
"[-0.0065918  -0.00930786 -0.00805664 ... -0.03271484 -0.09262085
 -0.09381104]",country,22050
"[ 0.09332275  0.15420532  0.13665771 ... -0.05999756 -0.00823975
  0.04086304]",country,22050
"[-0.02590942 -0.04568481 -0.05706787 ...  0.09643555  0.0819397
  0.05276489]",country,22050
"[ 0.07885742  0.16244507  0.17645264 ... -0.04745483 -0.03637695
 -0.02728271]",country,22050
"[-0.15115356 -0.23742676 -0.19647217 ...  0.14752197  0.15960693
  0.15176392]",country,22050
[0.09371948 0.11398315 0.04797363 ... 0.09326172 0.05410767 0.02279663],country,22050
"[-0.03414917 -0.04208374 -0.02587891 ... -0.3187256  -0.3383484
 -0.2798767 ]",country,22050
"[ 0.10232544  0.07290649 -0.05224609 ...  0.07015991  0.06866455
  0.06365967]",country,22050
"[-0.00964355 -0.01760864 -0.03842163 ...  0.02990723  0.06143188
  0.08258057]",country,22050
"[ 0.10665894  0.16796875  0.13589478 ... -0.0793457  -0.10626221
 -0.09490967]",country,22050
"[-0.01470947 -0.04962158 -0.05966187 ...  0.36569214  0.43154907
  0.472229  ]",country,22050
"[-0.04705811 -0.0819397  -0.06274414 ...  0.05810547  0.0269165
 -0.00378418]",country,22050
"[-0.00183105 -0.00997925 -0.01464844 ... -0.29000854 -0.22537231
 -0.17041016]",country,22050
"[ 0.02883911  0.07489014  0.04855347 ... -0.15612793 -0.13851929
 -0.11880493]",country,22050
"[ 0.06518555  0.10369873  0.07818604 ... -0.11758423 -0.1076355
 -0.11001587]",country,22050
"[-0.07571411 -0.1192627  -0.10812378 ...  0.00549316  0.01937866
  0.05264282]",country,22050
"[-0.05899048 -0.0944519  -0.07345581 ... -0.00662231 -0.01599121
 -0.04220581]",country,22050
"[-0.01907349  0.01107788 -0.00460815 ...  0.18780518  0.21450806
  0.2159729 ]",country,22050
"[-0.01998901 -0.04949951 -0.04440308 ...  0.31472778  0.33764648
  0.32583618]",country,22050
"[-0.01675415  0.03018188  0.11499023 ... -0.21264648 -0.09191895
  0.00567627]",country,22050
"[-0.1423645  -0.2215271  -0.11950684 ... -0.07403564 -0.20462036
 -0.09301758]",country,22050
"[ 0.02001953  0.02398682  0.02020264 ... -0.01412964 -0.00695801
  0.00372314]",country,22050
"[ 0.04998779  0.04949951 -0.01251221 ...  0.03579712  0.06695557
  0.07394409]",country,22050
"[-0.02053833 -0.03674316 -0.04138184 ... -0.15707397 -0.10049438
 -0.11895752]",country,22050
"[ 0.04074097  0.12823486 -0.0043335  ... -0.21664429  0.17156982
  0.35287476]",country,22050
"[-0.05926514 -0.08779907 -0.05187988 ...  0.09210205  0.09390259
  0.06674194]",country,22050
"[-0.17755127 -0.2388916  -0.15670776 ... -0.69537354 -0.71554565
 -0.65075684]",country,22050
"[-0.12936401 -0.21520996 -0.20806885 ...  0.11901855  0.07955933
  0.04376221]",country,22050
[0.03063965 0.02542114 0.02191162 ... 0.00616455 0.00479126 0.03515625],disco,22050
"[-0.02359009  0.03094482 -0.00143433 ... -0.3293457  -0.4136963
 -0.12341309]",disco,22050
"[-0.15853882 -0.15530396 -0.15908813 ...  0.02688599  0.03921509
  0.03308105]",disco,22050
"[-0.01568604  0.01831055 -0.04498291 ... -0.11920166 -0.05703735
  0.01599121]",disco,22050
"[ 0.10980225  0.09988403  0.00543213 ... -0.00897217  0.01419067
 -0.10076904]",disco,22050
"[-0.10241699 -0.06164551 -0.11993408 ...  0.0145874   0.07440186
 -0.00054932]",disco,22050
"[-0.0196228  -0.00567627  0.00927734 ...  0.01547241  0.01220703
  0.0319519 ]",disco,22050
"[-0.01702881 -0.00918579 -0.00271606 ... -0.01229858 -0.00866699
 -0.00552368]",disco,22050
"[-0.05606079  0.01226807  0.06271362 ... -0.16149902 -0.16049194
 -0.16586304]",disco,22050
"[-0.03149414 -0.08660889 -0.1427002  ... -0.12075806 -0.09487915
 -0.02420044]",disco,22050
"[-0.08514404 -0.08752441 -0.09707642 ...  0.62249756  0.63378906
  0.7043152 ]",disco,22050
"[ 0.2637024   0.24804688  0.13317871 ... -0.04742432  0.09240723
  0.2604065 ]",disco,22050
"[-0.01626587  0.07577515  0.07928467 ...  0.2401123   0.06555176
  0.11740112]",disco,22050
[0.21795654 0.19354248 0.17358398 ... 0.10876465 0.1008606  0.08755493],disco,22050
"[-0.04180908 -0.03515625 -0.03540039 ...  0.01617432  0.03219604
  0.05780029]",disco,22050
"[-0.18920898 -0.24240112 -0.1685791  ...  0.17984009  0.13867188
  0.05758667]",disco,22050
"[ 0.05020142  0.06350708  0.07614136 ... -0.11071777 -0.0458374
  0.02746582]",disco,22050
"[ 0.12133789  0.01956177  0.0484314  ...  0.01849365  0.00595093
 -0.0322876 ]",disco,22050
[0.06143188 0.06384277 0.06430054 ... 0.5055237  0.58706665 0.51586914],disco,22050
"[-0.26220703 -0.1716919  -0.01559448 ...  0.11639404  0.09091187
  0.06845093]",disco,22050
"[ 0.07867432  0.12042236  0.14501953 ... -0.02474976 -0.02694702
 -0.03384399]",disco,22050
"[ 0.0479126   0.05447388  0.17874146 ...  0.04919434  0.0484314
 -0.00674438]",disco,22050
[0.00088501 0.01287842 0.01678467 ... 0.08322144 0.09259033 0.06878662],disco,22050
"[-0.13729858 -0.1456604  -0.04525757 ...  0.0697937  -0.03546143
  0.10876465]",disco,22050
"[ 0.23718262  0.10021973 -0.30282593 ...  0.08404541  0.11141968
  0.09255981]",disco,22050
"[ 0.1925354   0.03353882 -0.02471924 ... -0.14624023 -0.12200928
 -0.07476807]",disco,22050
"[-0.19454956 -0.2170105  -0.23977661 ... -0.00567627 -0.0135498
 -0.00457764]",disco,22050
"[-0.1459961  -0.09658813 -0.11193848 ...  0.02349854  0.06124878
  0.06143188]",disco,22050
"[ 0.01791382  0.00491333 -0.02185059 ... -0.04003906 -0.04852295
 -0.04107666]",disco,22050
"[-0.08001709 -0.07550049 -0.08358765 ...  0.08270264  0.10083008
  0.10562134]",disco,22050
"[ 0.10012817  0.07476807  0.05813599 ... -0.15820312 -0.20874023
 -0.1343689 ]",disco,22050
"[-0.04418945 -0.03817749 -0.0229187  ... -0.08786011 -0.08590698
 -0.08248901]",disco,22050
"[ 0.00375366  0.00482178 -0.02020264 ...  0.07357788  0.05322266
  0.0329895 ]",disco,22050
"[-0.01919556 -0.08374023 -0.13635254 ... -0.17327881 -0.10821533
 -0.13143921]",disco,22050
"[-0.05325317 -0.07962036 -0.06735229 ...  0.07620239  0.0760498
  0.09066772]",disco,22050
"[ 0.08364868  0.0453186   0.00683594 ... -0.00213623  0.00817871
  0.01608276]",disco,22050
"[-0.03607178 -0.10568237 -0.20123291 ...  0.0916748   0.08364868
  0.07592773]",disco,22050
"[-0.06140137 -0.03152466 -0.00521851 ...  0.01834106  0.00869751
  0.00863647]",disco,22050
"[-0.08755493 -0.14620972 -0.16326904 ...  0.4052124   0.58755493
  0.28518677]",disco,22050
"[ 0.03314209  0.00604248  0.03399658 ...  0.04415894 -0.00759888
 -0.03445435]",disco,22050
"[-0.21340942 -0.14624023 -0.13067627 ... -0.02093506 -0.00253296
  0.03979492]",disco,22050
"[-0.03292847  0.30993652  0.48135376 ... -0.18603516 -0.01733398
  0.07772827]",disco,22050
"[-0.10388184  0.0223999   0.07470703 ... -0.04125977 -0.01043701
  0.02560425]",disco,22050
"[ 0.0435791   0.04830933  0.0553894  ... -0.05081177 -0.04443359
 -0.03286743]",disco,22050
"[-0.00808716 -0.04266357 -0.02032471 ... -0.03939819 -0.0395813
 -0.03741455]",disco,22050
"[-0.06051636 -0.06201172 -0.03417969 ... -0.01367188 -0.06228638
 -0.06088257]",disco,22050
"[ 0.01351929 -0.00387573 -0.0055542  ... -0.10577393 -0.0737915
 -0.10586548]",disco,22050
[0.04678345 0.07421875 0.07055664 ... 0.19915771 0.21505737 0.2149353 ],disco,22050
"[-0.09927368 -0.12609863 -0.11959839 ...  0.09136963  0.07055664
  0.04977417]",disco,22050
"[ 0.01690674  0.01544189  0.01333618 ... -0.13110352 -0.07781982
  0.00979614]",disco,22050
[0.03042603 0.04797363 0.03930664 ... 0.06710815 0.14303589 0.18615723],disco,22050
[0.04318237 0.04827881 0.05279541 ... 0.20962524 0.18035889 0.13616943],disco,22050
"[ 0.02081299  0.08752441  0.06787109 ... -0.07040405 -0.13134766
 -0.24331665]",disco,22050
"[ 0.00817871  0.00778198  0.0067749  ... -0.06130981 -0.05337524
 -0.04385376]",disco,22050
"[-0.02532959 -0.01724243 -0.01724243 ... -0.03591919 -0.04110718
 -0.03720093]",disco,22050
"[ 0.03356934  0.03414917  0.02133179 ... -0.08337402 -0.06295776
 -0.04690552]",disco,22050
"[ 0.05078125  0.05444336  0.08117676 ... -0.00238037  0.
 -0.0848999 ]",disco,22050
"[ 0.11407471  0.0262146  -0.08010864 ... -0.06292725 -0.00262451
 -0.15042114]",disco,22050
"[ 0.00488281  0.00802612  0.01834106 ... -0.0269165  -0.02349854
 -0.01708984]",disco,22050
"[ 0.03369141  0.02362061 -0.01922607 ...  0.027771    0.04779053
  0.04721069]",disco,22050
"[-0.03701782 -0.06021118 -0.05078125 ...  0.01199341 -0.012146
  0.00640869]",disco,22050
"[ 0.23965454  0.25027466  0.23980713 ... -0.05026245  0.06378174
  0.06427002]",disco,22050
"[ 0.16619873  0.12957764  0.10116577 ... -0.11779785 -0.13143921
 -0.08724976]",disco,22050
"[ 0.03372192  0.05703735  0.06817627 ... -0.00717163  0.00860596
  0.02481079]",disco,22050
"[ 0.06814575  0.02600098 -0.02764893 ... -0.06402588 -0.09243774
 -0.07168579]",disco,22050
"[ 0.03781128  0.06408691  0.03387451 ... -0.29934692 -0.26086426
 -0.15597534]",disco,22050
"[-0.4039917  -0.78549194 -0.39001465 ... -0.45870972 -0.4875183
 -0.47406006]",disco,22050
"[ 0.03485107  0.08166504  0.05599976 ... -0.01049805 -0.00112915
  0.01889038]",disco,22050
"[-0.00735474 -0.09512329 -0.16320801 ...  0.10736084  0.19329834
  0.24414062]",disco,22050
"[ 0.12200928  0.09695435  0.10119629 ... -0.04769897 -0.04824829
 -0.04171753]",disco,22050
"[ 0.07159424  0.07232666  0.07189941 ... -0.1463623  -0.09390259
 -0.08886719]",disco,22050
"[ 0.03497314  0.03442383  0.03503418 ... -0.05535889 -0.07684326
 -0.08679199]",disco,22050
"[ 0.43981934  0.42642212  0.39328003 ...  0.16751099  0.02386475
 -0.08129883]",disco,22050
"[-0.16381836 -0.14376831 -0.11804199 ... -0.29336548 -0.08843994
 -0.16705322]",disco,22050
"[-0.16381836 -0.14376831 -0.11804199 ... -0.29336548 -0.08843994
 -0.16705322]",disco,22050
[0.24325562 0.39767456 0.3430786  ... 0.31188965 0.33831787 0.17007446],hiphop,22050
"[-0.0581665   0.01168823  0.03125    ... -0.08297729 -0.07485962
 -0.0333252 ]",hiphop,22050
"[-0.256073   -0.21865845 -0.1581726  ...  0.14041138  0.1430664
  0.1512146 ]",hiphop,22050
"[-0.00393677  0.02148438  0.04342651 ...  0.06762695  0.05975342
  0.05630493]",hiphop,22050
[0.22058105 0.2211914  0.22750854 ... 0.14099121 0.0899353  0.10610962],hiphop,22050
"[-0.20193481 -0.146698   -0.13778687 ...  0.05685425  0.06924438
 -0.02584839]",hiphop,22050
"[-0.07452393 -0.05429077 -0.01657104 ...  0.11120605  0.09216309
  0.1697998 ]",hiphop,22050
"[ 0.00967407  0.01702881 -0.00170898 ...  0.01077271 -0.00213623
 -0.02868652]",hiphop,22050
"[ 0.29486084  0.30841064  0.42001343 ... -0.2321167   0.03030396
  0.02087402]",hiphop,22050
"[ 0.02984619  0.11419678  0.13949585 ... -0.02954102  0.06900024
  0.10324097]",hiphop,22050
"[ 0.17739868  0.19665527  0.21398926 ... -0.31085205 -0.31506348
 -0.29748535]",hiphop,22050
"[ 0.          0.          0.         ... -0.09475708 -0.05712891
 -0.07150269]",hiphop,22050
[0.         0.         0.         ... 0.00576782 0.02093506 0.01660156],hiphop,22050
"[ 0.          0.          0.         ... -0.2982483  -0.33813477
 -0.246521  ]",hiphop,22050
"[ 0.          0.          0.         ... -0.03845215 -0.04229736
 -0.05178833]",hiphop,22050
[0.         0.         0.         ... 0.27600098 0.28393555 0.24511719],hiphop,22050
[0.         0.         0.         ... 0.14782715 0.12515259 0.08468628],hiphop,22050
[0.         0.         0.         ... 0.17059326 0.3791809  0.16635132],hiphop,22050
"[ 0.          0.          0.         ...  0.0027771  -0.02352905
 -0.04238892]",hiphop,22050
[0.         0.         0.         ... 0.052948   0.05502319 0.05471802],hiphop,22050
"[ 0.          0.          0.         ... -0.03845215 -0.04229736
 -0.05178833]",hiphop,22050
"[-0.08398438 -0.09640503 -0.06884766 ... -0.04998779 -0.09375
 -0.13546753]",hiphop,22050
[0.06063843 0.034729   0.0272522  ... 0.15280151 0.14602661 0.11831665],hiphop,22050
"[-0.00500488 -0.00332642 -0.00518799 ... -0.1675415   0.05627441
  0.11383057]",hiphop,22050
"[-0.0227356  -0.17202759 -0.16625977 ... -0.02105713 -0.00115967
  0.13891602]",hiphop,22050
"[-0.02008057 -0.00167847  0.00997925 ...  0.11227417  0.16308594
  0.13439941]",hiphop,22050
"[ 0.09283447  0.10305786  0.11343384 ... -0.07254028 -0.07785034
 -0.07067871]",hiphop,22050
"[ 0.08346558  0.10122681  0.11166382 ... -0.07839966 -0.07263184
 -0.09216309]",hiphop,22050
"[ 0.01806641 -0.08425903 -0.02740479 ... -0.00012207  0.01452637
  0.02053833]",hiphop,22050
[0.24682617 0.1798706  0.21160889 ... 0.13964844 0.14328003 0.1458435 ],hiphop,22050
[0.27172852 0.29891968 0.31332397 ... 0.03329468 0.03466797 0.03259277],hiphop,22050
[0.03295898 0.15820312 0.18359375 ... 0.08776855 0.10784912 0.10800171],hiphop,22050
"[-0.21896362 -0.22869873 -0.22528076 ... -0.2133789  -0.25839233
 -0.2989502 ]",hiphop,22050
"[ 0.26885986  0.29241943  0.28912354 ... -0.03460693 -0.06994629
  0.02908325]",hiphop,22050
"[-0.14361572 -0.13696289 -0.14282227 ... -0.17562866 -0.19967651
 -0.09335327]",hiphop,22050
"[-0.2672119  -0.26296997 -0.23422241 ...  0.16088867  0.15716553
  0.15744019]",hiphop,22050
"[-0.14337158 -0.07418823  0.01269531 ...  0.01269531  0.0640564
  0.10955811]",hiphop,22050
"[ 0.04315186  0.09747314  0.05752563 ... -0.03521729  0.00027466
  0.00268555]",hiphop,22050
"[ 0.00973511  0.00488281 -0.01168823 ...  0.08969116 -0.00772095
 -0.03738403]",hiphop,22050
[0.23736572 0.2171936  0.14602661 ... 0.47381592 0.26287842 0.12106323],hiphop,22050
"[-0.9885559  -0.9885559  -0.9885559  ...  0.08666992  0.1022644
  0.14709473]",hiphop,22050
"[-0.17953491 -0.17953491 -0.17962646 ... -0.04660034 -0.0506897
 -0.05355835]",hiphop,22050
"[-0.02645874 -0.00860596  0.02481079 ...  0.0737915  -0.14147949
 -0.00082397]",hiphop,22050
[0.06576538 0.23931885 0.17428589 ... 0.21966553 0.13690186 0.08480835],hiphop,22050
"[ 0.03500366  0.03509521 -0.02508545 ... -0.3904419  -0.3834839
 -0.37780762]",hiphop,22050
[0.35983276 0.4281311  0.36676025 ... 0.11392212 0.11721802 0.10369873],hiphop,22050
"[-0.02471924 -0.06558228 -0.0567627  ...  0.0652771   0.07254028
  0.08285522]",hiphop,22050
"[-0.16305542 -0.17230225 -0.16052246 ...  0.03668213 -0.01269531
 -0.04077148]",hiphop,22050
"[ 0.2793274   0.2852173   0.29180908 ... -0.21057129 -0.10369873
 -0.02059937]",hiphop,22050
[0.06274414 0.08099365 0.07693481 ... 0.01312256 0.00787354 0.01483154],hiphop,22050
"[ 0.01950073  0.074646    0.1138916  ...  0.17416382 -0.10980225
 -0.20071411]",hiphop,22050
[0.2616577  0.26055908 0.25509644 ... 0.00842285 0.00823975 0.00164795],hiphop,22050
"[-0.20410156  0.43789673 -0.36032104 ...  0.13781738  0.10992432
  0.04663086]",hiphop,22050
[0.2616577  0.26055908 0.25509644 ... 0.00842285 0.00823975 0.00164795],hiphop,22050
"[-0.01690674 -0.01690674 -0.02212524 ...  0.14733887  0.28033447
  0.29586792]",hiphop,22050
"[-0.04498291 -0.22296143 -0.1835022  ...  0.07702637  0.19641113
  0.22677612]",hiphop,22050
"[ 0.0128479   0.02072144  0.01940918 ... -0.02362061 -0.07141113
 -0.09091187]",hiphop,22050
"[ 0.24969482  0.38006592  0.30645752 ...  0.02893066  0.01467896
 -0.00811768]",hiphop,22050
"[ 0.02114868  0.03341675  0.03857422 ... -0.03149414  0.01867676
  0.04660034]",hiphop,22050
"[ 0.03256226  0.05160522  0.04821777 ... -0.0144043  -0.04550171
 -0.06585693]",hiphop,22050
"[ 0.03118896  0.06994629 -0.09649658 ... -0.0272522  -0.02200317
 -0.03103638]",hiphop,22050
"[-0.0020752  -0.00064087 -0.00390625 ...  0.07138062  0.09280396
  0.09332275]",hiphop,22050
"[-0.0177002  -0.01889038 -0.00570679 ...  0.03231812  0.0461731
  0.05865479]",hiphop,22050
"[-0.02380371 -0.0406189  -0.0453186  ... -0.07733154 -0.08001709
 -0.05224609]",hiphop,22050
"[-0.1572876  -0.27365112 -0.23501587 ...  0.17053223  0.17907715
  0.16616821]",hiphop,22050
[0.28259277 0.3574829  0.16244507 ... 0.13201904 0.10986328 0.12219238],hiphop,22050
"[-0.01031494 -0.0010376   0.01626587 ... -0.14926147 -0.21685791
 -0.20541382]",hiphop,22050
[0.00906372 0.02880859 0.04403687 ... 0.08120728 0.10424805 0.12487793],hiphop,22050
"[ 0.01818848  0.01361084  0.01654053 ... -0.03775024 -0.03204346
 -0.09603882]",hiphop,22050
"[ 0.0088501   0.01425171  0.01324463 ... -0.1109314  -0.13116455
 -0.13095093]",hiphop,22050
"[-0.11120605 -0.19821167 -0.13931274 ...  0.04620361  0.04898071
  0.03952026]",hiphop,22050
"[-0.11016846 -0.16085815 -0.11538696 ... -0.13760376 -0.15338135
 -0.12695312]",hiphop,22050
"[-0.11071777 -0.17370605 -0.18719482 ... -0.11444092 -0.14901733
 -0.1451416 ]",hiphop,22050
"[ 0.11871338  0.19989014  0.15310669 ... -0.07220459  0.07394409
  0.1463623 ]",hiphop,22050
"[-0.16567993 -0.14718628 -0.13742065 ...  0.03738403  0.03005981
  0.02575684]",hiphop,22050
"[ 0.02026367  0.01330566  0.0038147  ... -0.02258301 -0.01541138
 -0.00942993]",jazz,22050
"[ 0.00198364  0.00143433 -0.00170898 ...  0.03482056  0.03631592
  0.0345459 ]",jazz,22050
"[ 0.01651001  0.02923584  0.03015137 ... -0.00790405 -0.00375366
  0.01220703]",jazz,22050
"[-0.02191162 -0.03604126 -0.03900146 ...  0.02438354  0.03466797
  0.03918457]",jazz,22050
"[-0.01531982 -0.02963257 -0.0244751  ... -0.02853394 -0.00613403
 -0.00463867]",jazz,22050
[0.04568481 0.05960083 0.03372192 ... 0.00091553 0.00024414 0.00125122],jazz,22050
"[-0.02191162 -0.03909302 -0.03326416 ... -0.03543091 -0.0378418
 -0.03274536]",jazz,22050
"[ 0.00115967  0.00067139 -0.00418091 ... -0.04638672 -0.04507446
 -0.04168701]",jazz,22050
"[-0.02810669 -0.03747559  0.01904297 ...  0.08370972  0.09231567
  0.08880615]",jazz,22050
"[ 0.04055786  0.0703125   0.07653809 ... -0.13601685 -0.17391968
 -0.16320801]",jazz,22050
"[-0.03414917 -0.04660034 -0.02764893 ... -0.01467896 -0.02035522
 -0.01965332]",jazz,22050
"[ 0.05099487  0.07406616  0.0536499  ... -0.00369263 -0.00012207
  0.00216675]",jazz,22050
"[ 0.05029297  0.04327393  0.00137329 ... -0.2033081  -0.22244263
 -0.21456909]",jazz,22050
"[-0.20962524 -0.3809204  -0.39624023 ...  0.03085327  0.02249146
  0.00622559]",jazz,22050
"[-0.0406189  -0.04577637 -0.03967285 ... -0.04379272 -0.05010986
 -0.04797363]",jazz,22050
"[-0.05102539 -0.05874634 -0.0352478  ... -0.10687256 -0.11016846
 -0.10769653]",jazz,22050
"[-0.02023315 -0.05187988 -0.07672119 ...  0.01208496  0.01571655
  0.01812744]",jazz,22050
"[ 0.04382324  0.06265259  0.04187012 ... -0.11987305 -0.14324951
 -0.14401245]",jazz,22050
"[-0.02554321 -0.07177734 -0.11016846 ...  0.00189209 -0.11181641
 -0.1611023 ]",jazz,22050
"[-0.08374023 -0.12731934 -0.10482788 ...  0.07290649  0.03701782
  0.00262451]",jazz,22050
"[-0.11004639 -0.18771362 -0.17840576 ... -0.03662109 -0.03503418
 -0.03079224]",jazz,22050
"[-0.04281616 -0.06454468 -0.05288696 ... -0.00152588 -0.00405884
 -0.00592041]",jazz,22050
"[-0.0062561  -0.00891113 -0.00772095 ... -0.19158936 -0.20874023
 -0.20449829]",jazz,22050
"[-0.02023315 -0.03991699 -0.03979492 ...  0.10791016  0.11074829
  0.0932312 ]",jazz,22050
"[-0.00814819 -0.00872803 -0.00909424 ... -0.0302124  -0.04754639
 -0.05554199]",jazz,22050
"[-0.13595581 -0.09390259 -0.06210327 ...  0.29577637  0.23522949
  0.2368164 ]",jazz,22050
"[-0.03521729 -0.03540039  0.01885986 ...  0.08673096  0.08920288
  0.08895874]",jazz,22050
"[-0.00216675 -0.03436279 -0.03268433 ...  0.41540527  0.4043274
  0.40255737]",jazz,22050
"[ 0.06201172  0.06365967  0.07931519 ... -0.14196777 -0.16790771
 -0.16546631]",jazz,22050
"[-0.04998779 -0.04193115 -0.02993774 ... -0.01553345 -0.01965332
 -0.02023315]",jazz,22050
"[-0.03488159 -0.04223633  0.00186157 ... -0.02185059  0.02493286
  0.06051636]",jazz,22050
"[ 0.0350647   0.03735352  0.03372192 ...  0.02325439 -0.00863647
 -0.01925659]",jazz,22050
"[ 0.07397461  0.06695557  0.0567627  ... -0.00305176 -0.00015259
  0.00292969]",jazz,22050
"[-0.05224609  0.04705811  0.09838867 ...  0.05691528  0.06399536
  0.07427979]",jazz,22050
"[ 0.08435059  0.03036499  0.00839233 ... -0.21139526 -0.21560669
 -0.21411133]",jazz,22050
[0.1663208  0.16705322 0.20510864 ... 0.4413147  0.42208862 0.37982178],jazz,22050
"[-0.28155518 -0.3609314  -0.4019165  ...  0.03143311  0.02233887
  0.00592041]",jazz,22050
"[-0.06072998 -0.06820679 -0.16693115 ...  0.11166382  0.03173828
  0.04846191]",jazz,22050
"[ 0.22244263  0.05227661 -0.05319214 ... -0.40270996 -0.40472412
 -0.40567017]",jazz,22050
"[-0.06362915 -0.03799438 -0.04327393 ... -0.04537964 -0.04827881
 -0.04840088]",jazz,22050
"[ 0.08837891  0.00109863  0.08291626 ...  0.02581787 -0.03207397
 -0.09005737]",jazz,22050
"[-0.07733154 -0.0501709  -0.03863525 ... -0.1109314  -0.105896
 -0.1078186 ]",jazz,22050
"[ 0.0632019   0.05630493  0.04446411 ... -0.12527466 -0.13815308
 -0.14428711]",jazz,22050
"[-0.02954102 -0.07070923 -0.10971069 ...  0.06945801 -0.19406128
 -0.08355713]",jazz,22050
"[-0.11947632 -0.11639404 -0.10928345 ...  0.07235718  0.03713989
  0.00350952]",jazz,22050
"[-0.15301514 -0.17422485 -0.18338013 ... -0.03778076 -0.0340271
 -0.03158569]",jazz,22050
"[-0.06265259 -0.05786133 -0.05596924 ... -0.00128174 -0.00396729
 -0.00643921]",jazz,22050
"[-0.07580566 -0.10604858 -0.07144165 ...  0.10879517  0.03897095
  0.03817749]",jazz,22050
"[-0.13952637 -0.13168335 -0.14813232 ...  0.07772827  0.06713867
  0.07391357]",jazz,22050
"[-0.01861572 -0.0229187  -0.00646973 ... -0.30789185 -0.28320312
 -0.222229  ]",jazz,22050
[0.09100342 0.08599854 0.08410645 ... 0.08886719 0.07849121 0.06893921],jazz,22050
"[ 0.00402832  0.00827026  0.01098633 ... -0.25946045 -0.21722412
 -0.17755127]",jazz,22050
"[ 0.10202026  0.10891724  0.11755371 ... -0.02044678 -0.03045654
 -0.00079346]",jazz,22050
"[ 0.03045654  0.01077271 -0.00854492 ... -0.01879883 -0.00799561
 -0.00091553]",jazz,22050
"[-0.01028442 -0.01870728 -0.01431274 ... -0.07843018 -0.07788086
 -0.05490112]",jazz,22050
"[ 0.06414795 -0.00982666  0.08511353 ...  0.00830078 -0.02224731
 -0.03018188]",jazz,22050
"[ 0.00747681 -0.00967407 -0.01113892 ...  0.01791382  0.01971436
  0.01654053]",jazz,22050
"[-0.01693726 -0.03903198 -0.05743408 ... -0.02923584 -0.02664185
 -0.01321411]",jazz,22050
"[-0.03375244 -0.02975464 -0.03762817 ... -0.11248779 -0.1479187
 -0.17633057]",jazz,22050
"[ 0.02148438  0.003479   -0.00161743 ... -0.19900513 -0.03552246
  0.10549927]",jazz,22050
"[-0.07281494 -0.00500488 -0.06283569 ... -0.03079224 -0.02597046
 -0.03338623]",jazz,22050
"[ 0.02398682  0.02374268  0.02572632 ... -0.04324341 -0.09570312
 -0.05776978]",jazz,22050
"[-0.09240723 -0.06481934 -0.06246948 ...  0.05194092  0.04388428
  0.03231812]",jazz,22050
[0.01177979 0.01397705 0.0189209  ... 0.07901001 0.08682251 0.0871582 ],jazz,22050
[0.06491089 0.06274414 0.0592041  ... 0.05526733 0.05007935 0.04986572],jazz,22050
"[-0.00344849 -0.00244141 -0.00158691 ... -0.01519775  0.04669189
  0.05368042]",jazz,22050
"[ 0.02526855  0.02520752  0.02957153 ...  0.04119873 -0.01599121
  0.04489136]",jazz,22050
"[ 0.00921631  0.00726318 -0.00234985 ...  0.00167847 -0.03924561
 -0.05404663]",jazz,22050
"[-0.03860474 -0.05270386 -0.02633667 ... -0.0128479  -0.01394653
 -0.01269531]",jazz,22050
"[-0.06219482 -0.09188843 -0.072052   ...  0.05307007  0.05627441
  0.05758667]",jazz,22050
[0.04501343 0.07720947 0.05825806 ... 0.04803467 0.05303955 0.05331421],jazz,22050
"[ 0.02279663  0.03564453  0.02920532 ... -0.01782227 -0.01934814
 -0.01861572]",jazz,22050
"[-0.03106689 -0.05078125 -0.04537964 ...  0.05258179  0.0463562
  0.04959106]",jazz,22050
"[-0.01385498 -0.00756836  0.00662231 ... -0.04138184 -0.0425415
 -0.03778076]",jazz,22050
"[-0.11505127 -0.12127686 -0.13723755 ... -0.20852661 -0.13613892
 -0.03717041]",metal,22050
"[ 0.07336426  0.09289551  0.03027344 ... -0.05554199 -0.00241089
  0.05871582]",metal,22050
"[-0.00836182  0.00436401 -0.01062012 ...  0.0295105   0.03063965
  0.06661987]",metal,22050
"[ 0.02609253  0.06872559  0.09588623 ... -0.1947937  -0.31329346
 -0.28796387]",metal,22050
"[-0.00762939  0.00402832  0.01251221 ... -0.13613892 -0.07125854
 -0.01226807]",metal,22050
"[-0.3647461  -0.39352417 -0.40853882 ... -0.1711731  -0.17068481
 -0.15899658]",metal,22050
"[ 0.41107178  0.43389893  0.36236572 ... -0.30221558 -0.23269653
 -0.29507446]",metal,22050
"[-0.07992554 -0.08685303 -0.05004883 ... -0.07504272 -0.12322998
 -0.10430908]",metal,22050
"[-0.236969   -0.26339722 -0.25302124 ... -0.29763794 -0.00372314
  0.16821289]",metal,22050
"[-0.0173645   0.01452637  0.02264404 ... -0.03912354 -0.03588867
 -0.01013184]",metal,22050
"[-0.01220703  0.02713013  0.15164185 ... -0.13601685 -0.09924316
 -0.22912598]",metal,22050
"[ 0.034729    0.07818604  0.0899353  ... -0.17190552 -0.19494629
 -0.19726562]",metal,22050
"[-0.1151123  -0.13549805 -0.14663696 ... -0.12606812 -0.06646729
 -0.00292969]",metal,22050
"[-0.09664917 -0.05780029  0.01654053 ... -0.4532776  -0.45162964
 -0.3480835 ]",metal,22050
"[-0.04263306 -0.01522827 -0.02587891 ... -0.10150146 -0.10940552
 -0.11834717]",metal,22050
"[ 0.13366699  0.20907593  0.18832397 ... -0.14013672 -0.11312866
 -0.04711914]",metal,22050
"[-0.03417969 -0.02215576  0.01190186 ...  0.15057373  0.08218384
  0.01947021]",metal,22050
"[ 0.0222168   0.0296936   0.03231812 ...  0.04040527 -0.0479126
 -0.12384033]",metal,22050
"[-0.08648682 -0.16723633 -0.12652588 ...  0.10470581  0.13891602
  0.16149902]",metal,22050
"[-0.01809692  0.00430298  0.01394653 ... -0.17477417 -0.28582764
 -0.34246826]",metal,22050
"[ 0.04074097  0.04595947  0.03143311 ...  0.0904541  -0.03186035
 -0.05340576]",metal,22050
"[-0.04641724 -0.00845337  0.04092407 ...  0.48138428  0.4666443
  0.37408447]",metal,22050
"[-0.0038147   0.08908081  0.16000366 ... -0.00866699 -0.01025391
  0.00592041]",metal,22050
"[-0.29144287 -0.59036255 -0.6340332  ... -0.3718567  -0.4647522
 -0.40859985]",metal,22050
"[ 0.00521851 -0.03253174 -0.15594482 ... -0.15679932 -0.21084595
 -0.23257446]",metal,22050
[0.22305298 0.35424805 0.42669678 ... 0.12341309 0.17764282 0.23867798],metal,22050
"[ 0.34439087  0.42144775  0.19821167 ... -0.31454468 -0.17037964
 -0.17459106]",metal,22050
"[ 0.39987183  0.567688    0.3338318  ... -0.09738159  0.05456543
  0.04785156]",metal,22050
"[-0.48910522 -0.77838135 -0.70703125 ... -0.09866333 -0.21850586
 -0.21209717]",metal,22050
"[-0.08584595 -0.09381104 -0.21917725 ...  0.16452026  0.12005615
  0.1569519 ]",metal,22050
"[-0.11386108 -0.15759277 -0.08456421 ... -0.4359436  -0.4033203
 -0.1847229 ]",metal,22050
"[ 0.05352783  0.15640259  0.14309692 ... -0.29437256 -0.26190186
 -0.21813965]",metal,22050
"[ 0.04806519  0.11572266  0.17010498 ... -0.0383606  -0.08569336
 -0.0737915 ]",metal,22050
[0.22888184 0.25204468 0.09558105 ... 0.19613647 0.35977173 0.2919922 ],metal,22050
"[-0.02770996 -0.08151245 -0.09231567 ...  0.10531616  0.11734009
  0.11154175]",metal,22050
"[-0.08648682 -0.10812378 -0.05697632 ...  0.00598145 -0.00784302
 -0.01211548]",metal,22050
"[ 0.13366699  0.20907593  0.18832397 ... -0.14013672 -0.11312866
 -0.04711914]",metal,22050
"[-0.03417969 -0.02215576  0.01190186 ...  0.15057373  0.08218384
  0.01947021]",metal,22050
"[ 0.0222168   0.0296936   0.03231812 ...  0.04040527 -0.0479126
 -0.12384033]",metal,22050
"[-0.08648682 -0.16723633 -0.12652588 ...  0.10470581  0.13891602
  0.16149902]",metal,22050
"[-0.01809692  0.00430298  0.01394653 ... -0.17477417 -0.28582764
 -0.34246826]",metal,22050
"[ 0.04074097  0.04595947  0.03143311 ...  0.0904541  -0.03186035
 -0.05340576]",metal,22050
"[-0.12936401 -0.14221191 -0.11578369 ... -0.07162476  0.02050781
  0.02780151]",metal,22050
"[ 0.03042603  0.05450439  0.14379883 ... -0.04827881 -0.01419067
 -0.01443481]",metal,22050
[0.19439697 0.16574097 0.10437012 ... 0.12704468 0.11346436 0.09072876],metal,22050
"[-0.00775146 -0.02368164 -0.03305054 ...  0.00143433 -0.01153564
  0.00460815]",metal,22050
"[ 0.01483154  0.00656128 -0.00634766 ... -0.00927734 -0.02938843
  0.00762939]",metal,22050
"[-0.14147949 -0.05548096  0.10794067 ...  0.01657104  0.17730713
  0.14160156]",metal,22050
"[ 0.11010742  0.11685181  0.11102295 ... -0.21173096  0.04977417
  0.17297363]",metal,22050
"[-0.00717163 -0.00680542  0.00445557 ...  0.00814819 -0.02844238
 -0.02645874]",metal,22050
"[-0.03878784  0.05355835  0.00912476 ...  0.09588623  0.08117676
  0.05422974]",metal,22050
"[-0.02087402 -0.02761841 -0.04104614 ... -0.02133179  0.05526733
  0.04312134]",metal,22050
[0.0100708  0.06564331 0.06677246 ... 0.01190186 0.02789307 0.04650879],metal,22050
"[-0.05136108 -0.1427002  -0.16308594 ... -0.29525757 -0.22854614
  0.04794312]",metal,22050
"[-0.00842285 -0.05541992 -0.05349731 ... -0.19763184 -0.30459595
 -0.20803833]",metal,22050
"[-0.24209595 -0.04730225  0.06091309 ... -0.1425476  -0.17355347
 -0.12905884]",metal,22050
"[ 0.05136108  0.03598022  0.00067139 ... -0.15332031 -0.09997559
 -0.14892578]",metal,22050
"[ 0.03741455 -0.0725708  -0.11480713 ... -0.16549683 -0.11206055
 -0.11181641]",metal,22050
"[-0.13476562 -0.03012085 -0.05203247 ... -0.27575684 -0.29690552
 -0.29125977]",metal,22050
[0.15292358 0.17767334 0.21743774 ... 0.0614624  0.0770874  0.07592773],metal,22050
"[-0.29574585 -0.26992798 -0.15057373 ...  0.08013916 -0.02252197
 -0.15100098]",metal,22050
[0.03948975 0.05557251 0.03442383 ... 0.09945679 0.01248169 0.03640747],metal,22050
"[ 0.5633545   0.65719604  0.42919922 ... -0.04171753  0.0887146
 -0.3196106 ]",metal,22050
"[-0.0241394   0.05383301  0.08557129 ...  0.15316772  0.18502808
  0.21829224]",metal,22050
"[ 0.03286743  0.03845215  0.06991577 ... -0.4360962  -0.40264893
 -0.37072754]",metal,22050
"[ 0.03170776  0.01437378 -0.00125122 ...  0.06469727  0.06817627
  0.08590698]",metal,22050
"[-0.08712769 -0.12106323 -0.14590454 ...  0.04421997  0.0440979
  0.04092407]",metal,22050
"[ 0.03787231  0.04629517  0.06582642 ... -0.0123291  -0.01153564
 -0.0925293 ]",metal,22050
"[-0.1156311  -0.04870605 -0.02822876 ... -0.01867676 -0.02383423
 -0.00875854]",metal,22050
"[-0.0173645   0.01452637  0.02264404 ... -0.03912354 -0.03588867
 -0.01013184]",metal,22050
"[-0.12442017 -0.20019531 -0.14730835 ...  0.01928711  0.00610352
 -0.00448608]",metal,22050
"[ 0.10452271  0.15914917  0.10348511 ... -0.01296997  0.00421143
  0.00302124]",metal,22050
"[ 0.04193115  0.06799316  0.05114746 ...  0.23345947  0.12826538
 -0.0302124 ]",metal,22050
"[-0.06201172 -0.0647583   0.01269531 ...  0.17086792  0.18267822
  0.17208862]",metal,22050
"[-0.22640991 -0.38705444 -0.40716553 ... -0.16696167 -0.14016724
 -0.09039307]",metal,22050
"[-0.02984619 -0.05477905 -0.06448364 ... -0.2107544  -0.21142578
 -0.22033691]",pop,22050
"[-0.00411987 -0.01394653 -0.00933838 ...  0.1670227   0.06036377
  0.04608154]",pop,22050
"[ 0.03451538  0.04815674  0.06430054 ... -0.06954956 -0.1444397
 -0.19223022]",pop,22050
"[-0.24386597 -0.22479248 -0.18130493 ... -0.09216309 -0.10147095
 -0.18832397]",pop,22050
"[ 0.06802368  0.11877441  0.07830811 ... -0.18048096 -0.14428711
 -0.22964478]",pop,22050
"[-0.11010742 -0.15396118  0.02597046 ... -0.20388794 -0.24765015
 -0.2553711 ]",pop,22050
"[ 0.07803345 -0.03765869  0.12664795 ...  0.45474243  0.43637085
  0.35180664]",pop,22050
"[ 0.01235962 -0.01074219 -0.03161621 ... -0.19876099  0.03173828
  0.05938721]",pop,22050
"[-0.00198364  0.06552124  0.1253357  ...  0.22796631  0.31658936
  0.3052063 ]",pop,22050
"[-0.401886   -0.44421387 -0.40725708 ... -0.3289795  -0.39907837
 -0.5903015 ]",pop,22050
[0.14556885 0.09173584 0.03552246 ... 0.00228882 0.03567505 0.08633423],pop,22050
"[-0.19229126 -0.08969116  0.02322388 ... -0.16653442 -0.0585022
  0.01345825]",pop,22050
"[ 0.32260132  0.28216553  0.27111816 ... -0.29141235 -0.82580566
 -0.31747437]",pop,22050
"[-0.26919556 -0.24667358 -0.18579102 ...  0.01272583 -0.00299072
 -0.0149231 ]",pop,22050
"[-0.18103027 -0.14593506 -0.11779785 ...  0.31704712  0.13739014
 -0.08468628]",pop,22050
"[ 0.00708008 -0.00595093 -0.00735474 ...  0.23013306  0.27703857
  0.28320312]",pop,22050
[0.06167603 0.06103516 0.06005859 ... 0.05038452 0.06747437 0.05651855],pop,22050
"[-0.08126831  0.03677368  0.02056885 ... -0.12475586 -0.08557129
 -0.05020142]",pop,22050
"[ 0.23556519  0.13513184  0.04632568 ... -0.19186401 -0.29864502
 -0.36026   ]",pop,22050
"[ 0.10751343  0.11776733  0.11846924 ... -0.0592041  -0.22479248
 -0.05606079]",pop,22050
"[ 0.0050354   0.00750732  0.00408936 ... -0.05233765  0.02938843
 -0.14187622]",pop,22050
"[ 0.15924072  0.11972046  0.1126709  ... -0.07067871 -0.01205444
  0.01016235]",pop,22050
[0.37789917 0.22433472 0.48712158 ... 0.4614563  0.10275269 0.47579956],pop,22050
"[-0.09463501 -0.11407471 -0.13574219 ...  0.2437439   0.07592773
  0.18096924]",pop,22050
"[-0.00158691 -0.00152588 -0.0118103  ...  0.00793457  0.05090332
  0.01623535]",pop,22050
[0.03704834 0.03735352 0.037323   ... 0.05224609 0.05944824 0.12362671],pop,22050
"[-0.07617188 -0.05743408 -0.02032471 ...  0.3598938  -0.03610229
  0.21017456]",pop,22050
"[ 0.62197876  0.526947    0.5707092  ... -0.01599121  0.18591309
  0.37527466]",pop,22050
"[-0.19754028 -0.19104004 -0.14093018 ... -0.17849731 -0.15228271
 -0.18267822]",pop,22050
"[-0.04229736 -0.05657959 -0.12426758 ...  0.046875    0.05056763
  0.02993774]",pop,22050
"[ 0.00384521  0.02346802  0.07144165 ...  0.04241943 -0.10992432
 -0.07177734]",pop,22050
[0.22735596 0.23406982 0.23345947 ... 0.25195312 0.32565308 0.09817505],pop,22050
"[-0.05557251 -0.0430603  -0.13937378 ... -0.26757812 -0.3048706
 -0.13964844]",pop,22050
"[ 0.10803223 -0.0798645  -0.06811523 ...  0.16378784  0.1510315
  0.13223267]",pop,22050
"[-0.1217041  -0.11859131 -0.12683105 ... -0.37356567 -0.4385376
 -0.3409729 ]",pop,22050
"[-0.04229736 -0.05657959 -0.12426758 ...  0.046875    0.05056763
  0.02993774]",pop,22050
"[-0.01672363  0.00247192 -0.0020752  ... -0.13113403 -0.02645874
  0.07791138]",pop,22050
"[-0.35333252 -0.26159668 -0.04421997 ...  0.11123657  0.03106689
 -0.06323242]",pop,22050
"[-0.05828857  0.01071167  0.09915161 ...  0.03128052 -0.01806641
 -0.00238037]",pop,22050
"[-0.42181396 -0.4069214  -0.34994507 ... -0.2857666  -0.19955444
 -0.08422852]",pop,22050
"[-0.02783203  0.03942871  0.01895142 ... -0.11349487 -0.13946533
 -0.16949463]",pop,22050
"[-0.0411377  -0.03457642 -0.04684448 ...  0.49258423  0.5081787
  0.6766968 ]",pop,22050
[0.2953186  0.21789551 0.2272644  ... 0.14749146 0.30541992 0.38446045],pop,22050
"[ 0.02838135 -0.05447388  0.10992432 ... -0.07067871 -0.13583374
 -0.16445923]",pop,22050
"[-0.02728271 -0.03622437 -0.04992676 ...  0.04800415  0.03561401
  0.03475952]",pop,22050
"[ 0.03933716  0.04083252  0.04171753 ... -0.03192139 -0.04574585
 -0.03948975]",pop,22050
[0.2953186  0.21789551 0.2272644  ... 0.14749146 0.30541992 0.38446045],pop,22050
[0.35791016 0.3979187  0.32870483 ... 0.09716797 0.04232788 0.01092529],pop,22050
"[ 0.10684204  0.13616943  0.074646   ... -0.31143188 -0.3444519
 -0.332489  ]",pop,22050
"[ 2.5878906e-02 -1.2207031e-04  3.6834717e-02 ...  3.9044189e-01
  2.3257446e-01  2.8952026e-01]",pop,22050
"[-0.10604858 -0.08395386 -0.09460449 ... -0.44470215 -0.27789307
 -0.4321289 ]",pop,22050
[0.1227417  0.07086182 0.07052612 ... 0.36099243 0.36624146 0.32626343],pop,22050
"[-0.13864136  0.14367676 -0.15341187 ... -0.125      -0.15026855
 -0.14309692]",pop,22050
"[ 0.04043579 -0.11618042  0.04278564 ...  0.655365    0.592041
  0.6399536 ]",pop,22050
"[-0.04464722 -0.05615234 -0.04205322 ...  0.02310181  0.02587891
  0.0269165 ]",pop,22050
[0.31271362 0.4494934  0.35662842 ... 0.20315552 0.23342896 0.07855225],pop,22050
"[-0.13348389 -0.09143066 -0.07568359 ...  0.15698242  0.18441772
  0.19113159]",pop,22050
"[-0.04116821 -0.0506897  -0.07846069 ...  0.17160034  0.13851929
  0.05413818]",pop,22050
"[ 0.08834839  0.08383179  0.05740356 ... -0.18606567 -0.1984253
 -0.16970825]",pop,22050
"[-0.51446533 -0.1772461  -0.33996582 ...  0.0328064  -0.03161621
  0.0484314 ]",pop,22050
"[-0.42837524 -0.4496765  -0.46420288 ... -0.0645752   0.08364868
  0.10876465]",pop,22050
"[-0.02709961 -0.02371216  0.05221558 ... -0.15200806 -0.16900635
 -0.25219727]",pop,22050
"[ 0.09573364  0.10336304  0.03237915 ... -0.03540039 -0.15487671
 -0.11849976]",pop,22050
"[ 0.04147339  0.03170776  0.01766968 ... -0.00732422 -0.01150513
 -0.01361084]",pop,22050
"[-0.01693726 -0.01861572  0.00778198 ...  0.05941772  0.07400513
  0.07827759]",pop,22050
[0.34866333 0.33044434 0.3052063  ... 0.07794189 0.09710693 0.02154541],pop,22050
"[-0.25305176 -0.41104126 -0.35287476 ... -0.17889404 -0.12127686
 -0.05593872]",pop,22050
"[ 0.16674805  0.14935303  0.13183594 ... -0.04043579 -0.02600098
 -0.01837158]",pop,22050
"[ 0.0725708  -0.00869751 -0.01080322 ... -0.06570435  0.03738403
 -0.07449341]",pop,22050
"[ 0.20877075  0.05661011  0.1496582  ... -0.15530396  0.04458618
  0.0536499 ]",pop,22050
"[-0.9907532  -0.9530945  -0.99102783 ...  0.32305908  0.42929077
  0.0949707 ]",pop,22050
[0.2557068  0.2401123  0.27786255 ... 0.5334778  0.6204529  0.45776367],pop,22050
[0.04934692 0.0451355  0.02978516 ... 0.29040527 0.2875061  0.24035645],pop,22050
"[ 0.10720825  0.16122437  0.28585815 ... -0.22924805 -0.20629883
 -0.11334229]",pop,22050
"[-0.09075928 -0.08178711 -0.06820679 ...  0.05010986  0.0112915
 -0.00152588]",pop,22050
"[-0.00195312 -0.00289917 -0.00338745 ...  0.29577637  0.23806763
  0.18539429]",reggae,22050
"[-0.00991821 -0.03305054 -0.0279541  ... -0.12088013 -0.15499878
 -0.11825562]",reggae,22050
"[-0.06414795 -0.10864258 -0.10760498 ...  0.13720703  0.10501099
  0.07913208]",reggae,22050
[0.01171875 0.01907349 0.01971436 ... 0.05947876 0.05453491 0.04397583],reggae,22050
"[-0.00268555 -0.00506592 -0.00262451 ... -0.11639404 -0.12243652
 -0.11956787]",reggae,22050
"[ 0.00253296  0.00289917  0.0067749  ... -0.01333618 -0.01696777
 -0.01733398]",reggae,22050
"[-1.2542725e-02 -1.6235352e-02  2.1362305e-03 ... -1.1199951e-02
 -9.1552734e-05  1.4251709e-02]",reggae,22050
"[ 0.00091553  0.00552368  0.01049805 ... -0.01828003 -0.02224731
 -0.0274353 ]",reggae,22050
"[-0.01977539 -0.03433228 -0.03216553 ... -0.0166626  -0.00927734
 -0.00332642]",reggae,22050
[0.0345459  0.05648804 0.05606079 ... 0.04187012 0.04284668 0.04074097],reggae,22050
"[-0.00732422 -0.00878906 -0.00521851 ... -0.07107544 -0.08532715
 -0.08901978]",reggae,22050
[0.02072144 0.04492188 0.05422974 ... 0.06912231 0.08303833 0.08572388],reggae,22050
"[-0.0357666  -0.06692505 -0.03018188 ... -0.0355835  -0.05636597
 -0.05566406]",reggae,22050
"[-0.01907349 -0.03610229 -0.03683472 ... -0.11407471 -0.12088013
 -0.11746216]",reggae,22050
"[-0.02325439 -0.03765869 -0.03546143 ...  0.03512573  0.03808594
  0.03692627]",reggae,22050
"[ 0.00323486 -0.00701904 -0.02740479 ... -0.00125122 -0.00390625
 -0.0055542 ]",reggae,22050
"[ 0.06219482  0.05770874  0.06124878 ...  0.00271606 -0.00027466
 -0.00152588]",reggae,22050
"[-0.27105713 -0.22567749 -0.09362793 ... -0.04730225 -0.04577637
 -0.0479126 ]",reggae,22050
"[ 0.08181763  0.06604004  0.05450439 ...  0.04745483  0.05297852
 -0.01800537]",reggae,22050
"[-0.14257812 -0.1408081  -0.07382202 ... -0.04309082  0.08926392
  0.23165894]",reggae,22050
"[ 0.02566528 -0.03268433 -0.01937866 ...  0.04833984  0.0355835
  0.03915405]",reggae,22050
"[-0.08255005 -0.12149048 -0.18081665 ... -0.01409912 -0.01150513
 -0.02529907]",reggae,22050
"[-0.07211304 -0.05154419 -0.02157593 ... -0.02841187 -0.04376221
 -0.12576294]",reggae,22050
"[ 0.04727173  0.02368164 -0.00256348 ... -0.27996826 -0.2833252
 -0.29013062]",reggae,22050
"[-0.14013672 -0.14840698 -0.06219482 ...  0.07339478  0.05938721
  0.05514526]",reggae,22050
"[ 0.03982544  0.04125977  0.03393555 ... -0.0546875  -0.04458618
 -0.04180908]",reggae,22050
"[-0.14089966 -0.15338135 -0.1572876  ... -0.03601074 -0.02526855
  0.00189209]",reggae,22050
[0.06442261 0.05731201 0.08111572 ... 0.10769653 0.19091797 0.03796387],reggae,22050
"[-0.13345337 -0.12698364 -0.12200928 ...  0.02294922  0.02658081
  0.03622437]",reggae,22050
"[-0.03488159  0.006073   -0.06253052 ...  0.10107422  0.09991455
  0.10491943]",reggae,22050
"[-0.04498291 -0.04492188 -0.04794312 ... -0.16766357 -0.19000244
 -0.19494629]",reggae,22050
"[-0.05059814 -0.06195068 -0.07055664 ... -0.05441284 -0.06747437
 -0.07458496]",reggae,22050
"[ 0.25927734  0.2713318   0.26333618 ... -0.02270508 -0.01971436
 -0.01849365]",reggae,22050
"[-0.02337646  0.01895142  0.04492188 ...  0.09356689  0.07809448
  0.06292725]",reggae,22050
"[ 0.09283447  0.15490723  0.15963745 ... -0.26193237 -0.2199707
 -0.15994263]",reggae,22050
"[-0.00610352 -0.00622559 -0.00546265 ... -0.00106812 -0.00091553
  0.00030518]",reggae,22050
"[-0.13165283 -0.1355896  -0.13720703 ... -0.09939575  0.06854248
  0.06536865]",reggae,22050
"[-0.00262451 -0.00375366 -0.00387573 ... -0.09399414 -0.09292603
 -0.08978271]",reggae,22050
"[-0.04309082  0.00143433 -0.02267456 ... -0.0763855  -0.05957031
 -0.07385254]",reggae,22050
[0.3501892  0.34851074 0.32894897 ... 0.1505127  0.17098999 0.07476807],reggae,22050
"[-0.0123291  -0.0269165  -0.0670166  ...  0.3770752   0.61535645
  0.67718506]",reggae,22050
"[ 0.06243896  0.04812622  0.03561401 ... -0.0418396  -0.01348877
  0.02618408]",reggae,22050
"[-0.072052   -0.06845093 -0.06713867 ...  0.21130371  0.19897461
  0.18203735]",reggae,22050
"[ 0.01681519 -0.02255249  0.02285767 ... -0.10302734 -0.10443115
 -0.10949707]",reggae,22050
"[ 0.24630737  0.23175049  0.17788696 ... -0.0088501   0.00048828
  0.00088501]",reggae,22050
"[ 1.2033081e-01  1.7001343e-01  1.8334961e-01 ... -2.9541016e-02
  3.0517578e-05  2.3590088e-02]",reggae,22050
[0.00784302 0.02593994 0.03579712 ... 0.18051147 0.19680786 0.17868042],reggae,22050
"[ 0.28475952  0.24075317  0.3190918  ...  0.03997803 -0.03897095
 -0.03143311]",reggae,22050
"[-0.19573975 -0.21173096 -0.22302246 ...  0.283844    0.27349854
  0.2614746 ]",reggae,22050
"[-0.19573975 -0.21173096 -0.22302246 ... -0.21466064 -0.19448853
 -0.1517334 ]",reggae,22050
"[ 0.11520386  0.06674194  0.00909424 ...  0.02227783 -0.15585327
 -0.2144165 ]",reggae,22050
"[-0.09777832  0.04702759  0.35583496 ...  0.24295044  0.184906
  0.03436279]",reggae,22050
"[-0.13311768 -0.12646484 -0.12411499 ...  0.11132812  0.1166687
  0.11071777]",reggae,22050
"[ 0.00747681  0.00671387  0.00643921 ... -0.12322998 -0.13497925
 -0.13015747]",reggae,22050
[0.06112671 0.03997803 0.01208496 ... 0.03512573 0.06921387 0.02316284],reggae,22050
"[-0.16085815 -0.14453125 -0.15539551 ... -0.03115845 -0.03103638
  0.00177002]",reggae,22050
"[-0.10247803 -0.06808472 -0.04293823 ...  0.01733398 -0.00900269
 -0.05114746]",reggae,22050
"[-0.10247803 -0.06808472 -0.04293823 ...  0.01733398 -0.00900269
 -0.05114746]",reggae,22050
"[-0.10681152  0.00787354  0.08511353 ... -0.16644287 -0.11175537
 -0.09024048]",reggae,22050
"[-0.00796509  0.01934814  0.04452515 ...  0.19561768  0.21774292
  0.23886108]",reggae,22050
"[-0.08026123 -0.07498169 -0.06542969 ...  0.0401001   0.02371216
  0.01965332]",reggae,22050
"[-0.20089722 -0.20748901 -0.2081604  ... -0.09344482 -0.06344604
 -0.03222656]",reggae,22050
"[ 0.11141968  0.11791992  0.1177063  ... -0.20199585 -0.14941406
 -0.15652466]",reggae,22050
"[-0.07522583 -0.07281494 -0.01156616 ... -0.14041138 -0.12265015
 -0.23773193]",reggae,22050
"[-0.00839233 -0.00604248 -0.00396729 ... -0.32748413 -0.32061768
 -0.3066101 ]",reggae,22050
"[-0.01669312 -0.01657104 -0.01553345 ... -0.09423828 -0.00646973
  0.10296631]",reggae,22050
[0.03512573 0.06054688 0.07858276 ... 0.00735474 0.04598999 0.06103516],reggae,22050
"[-0.21862793 -0.2841797  -0.24127197 ... -0.2553711  -0.20605469
 -0.12139893]",reggae,22050
"[ 0.17611694  0.18450928  0.1875     ... -0.09796143 -0.14486694
 -0.13574219]",reggae,22050
"[-0.03390503 -0.02319336 -0.0637207  ... -0.02084351 -0.04437256
 -0.06750488]",reggae,22050
"[ 0.0284729   0.02911377  0.05215454 ...  0.02828979  0.0319519
 -0.0241394 ]",reggae,22050
"[-0.1885376  -0.20864868 -0.21633911 ... -0.04943848 -0.02984619
 -0.03100586]",reggae,22050
"[-0.03222656 -0.04006958 -0.10153198 ... -0.16564941 -0.14459229
 -0.12747192]",reggae,22050
[0.18087769 0.20031738 0.21447754 ... 0.06091309 0.09344482 0.1973877 ],reggae,22050
"[-0.03363037 -0.03662109 -0.14022827 ...  0.0067749  -0.0802002
 -0.14544678]",reggae,22050
"[ 0.03533936  0.05337524 -0.00479126 ... -0.26861572 -0.16836548
 -0.11712646]",rock,22050
[0.05249023 0.08755493 0.09542847 ... 0.10195923 0.16171265 0.17993164],rock,22050
"[-0.00073242 -0.0401001  -0.01553345 ... -0.07189941 -0.1000061
 -0.13946533]",rock,22050
"[-0.09124756 -0.06356812 -0.04788208 ...  0.12573242  0.08944702
  0.07394409]",rock,22050
"[ 0.383667    0.33795166  0.3093567  ... -0.30325317 -0.11831665
 -0.18682861]",rock,22050
"[-0.037323    0.01690674  0.00811768 ...  0.12271118  0.11727905
  0.11752319]",rock,22050
"[ 0.05072021 -0.02709961 -0.07885742 ...  0.14202881  0.12142944
  0.06787109]",rock,22050
"[ 0.0489502   0.01687622  0.06091309 ... -0.3171997  -0.331604
 -0.3491211 ]",rock,22050
[0.13500977 0.08554077 0.01641846 ... 0.14147949 0.20477295 0.2501526 ],rock,22050
"[ 0.07925415  0.05932617  0.03930664 ...  0.18045044  0.06588745
 -0.04772949]",rock,22050
"[-0.11639404 -0.12783813 -0.12310791 ... -0.23446655 -0.25601196
 -0.2566223 ]",rock,22050
[0.3204956  0.22769165 0.26626587 ... 0.21588135 0.20315552 0.35205078],rock,22050
"[-0.10235596 -0.06472778 -0.00518799 ... -0.1036377  -0.08279419
 -0.06362915]",rock,22050
[0.3352661  0.1633606  0.08322144 ... 0.06304932 0.16360474 0.1465149 ],rock,22050
"[-0.1164856  -0.08837891 -0.0050354  ... -0.22717285 -0.23620605
 -0.18695068]",rock,22050
[0.0586853  0.04315186 0.06188965 ... 0.05279541 0.11877441 0.07745361],rock,22050
"[ 0.14505005 -0.07525635 -0.34817505 ... -0.11114502 -0.02606201
  0.09072876]",rock,22050
"[-0.5274658  -0.49420166 -0.2960205  ...  0.04638672  0.08068848
  0.10092163]",rock,22050
"[-0.05438232 -0.07556152 -0.12057495 ...  0.10971069  0.10113525
  0.08978271]",rock,22050
"[-0.09091187 -0.10177612 -0.09683228 ...  0.15197754  0.15585327
  0.14904785]",rock,22050
[0.10412598 0.09262085 0.04888916 ... 0.01690674 0.01473999 0.01776123],rock,22050
"[ 0.00497437 -0.00152588 -0.00912476 ...  0.06738281 -0.0848999
 -0.04885864]",rock,22050
"[-0.10357666 -0.08364868  0.08837891 ...  0.13192749  0.18023682
  0.19668579]",rock,22050
"[ 0.20800781  0.17477417  0.1178894  ... -0.00463867  0.03137207
  0.01412964]",rock,22050
"[ 0.01974487  0.0213623   0.0222168  ... -0.13058472 -0.08270264
 -0.05801392]",rock,22050
[0.14434814 0.2128601  0.19824219 ... 0.09204102 0.07012939 0.04364014],rock,22050
"[-0.02911377 -0.1050415  -0.21081543 ... -0.03387451  0.03942871
  0.11050415]",rock,22050
"[ 0.00656128 -0.00244141  0.08013916 ...  0.08990479  0.07531738
  0.04660034]",rock,22050
"[ 0.16378784  0.19824219  0.1796875  ... -0.23965454  0.03549194
  0.32717896]",rock,22050
"[-0.03817749 -0.01821899 -0.02246094 ...  0.00189209  0.00866699
  0.01657104]",rock,22050
[0.02182007 0.01678467 0.00079346 ... 0.04876709 0.02178955 0.02444458],rock,22050
"[-0.06842041 -0.05499268 -0.00134277 ... -0.07080078 -0.17538452
 -0.22354126]",rock,22050
"[-0.10986328 -0.0760498  -0.07336426 ... -0.19326782 -0.26968384
 -0.18850708]",rock,22050
"[-0.14489746 -0.13366699 -0.11526489 ... -0.02243042 -0.0328064
 -0.02883911]",rock,22050
"[ 0.17285156  0.16674805  0.16027832 ... -0.00604248 -0.02496338
 -0.05529785]",rock,22050
[0.0932312  0.03738403 0.04071045 ... 0.15518188 0.15011597 0.1060791 ],rock,22050
"[-0.16629028 -0.16043091 -0.1503601  ...  0.0057373  -0.0010376
 -0.00213623]",rock,22050
[0.06262207 0.05981445 0.05804443 ... 0.06216431 0.06976318 0.05404663],rock,22050
"[ 0.01132202  0.00515747 -0.00082397 ...  0.00079346 -0.00012207
  0.00195312]",rock,22050
"[-0.00057983  0.01351929  0.02947998 ...  0.19744873  0.13589478
  0.09179688]",rock,22050
"[-0.06503296 -0.09866333 -0.068573   ...  0.11178589  0.12683105
  0.15652466]",rock,22050
"[-0.02664185 -0.0512085  -0.05618286 ...  0.17425537  0.14343262
  0.11401367]",rock,22050
"[-0.04223633 -0.07180786 -0.05297852 ... -0.11495972 -0.05975342
 -0.07138062]",rock,22050
"[-0.04086304 -0.01208496  0.01791382 ... -0.0954895  -0.08010864
 -0.03552246]",rock,22050
"[-0.03771973 -0.04727173 -0.02374268 ...  0.00756836  0.02194214
  0.02880859]",rock,22050
"[ 0.00915527 -0.00558472 -0.03121948 ...  0.0249939  -0.01477051
 -0.02624512]",rock,22050
[0.09933472 0.18466187 0.07312012 ... 0.06643677 0.11355591 0.12359619],rock,22050
"[ 0.01882935  0.03295898  0.03451538 ... -0.07113647 -0.05267334
 -0.01193237]",rock,22050
"[-0.0223999  -0.09103394 -0.16448975 ...  0.02685547 -0.00210571
 -0.05944824]",rock,22050
"[-0.09875488 -0.08969116 -0.01046753 ...  0.07485962  0.09884644
  0.06381226]",rock,22050
"[-0.07824707 -0.15307617 -0.13339233 ... -0.03494263 -0.00942993
  0.01477051]",rock,22050
"[ 0.02114868  0.02572632  0.01599121 ...  0.04058838  0.00906372
 -0.00085449]",rock,22050
"[-0.04159546 -0.09088135 -0.10888672 ...  0.02267456 -0.00048828
  0.02560425]",rock,22050
"[-0.21136475 -0.39596558 -0.3473816  ...  0.01327515  0.01467896
  0.01364136]",rock,22050
"[-0.09780884 -0.09225464  0.00909424 ...  0.01461792 -0.00250244
 -0.03085327]",rock,22050
[0.04519653 0.09005737 0.07757568 ... 0.16696167 0.2243042  0.23706055],rock,22050
"[-0.02493286  0.00021362  0.10403442 ... -0.02667236 -0.02947998
 -0.03930664]",rock,22050
"[-0.06756592 -0.18374634 -0.11587524 ... -0.06304932 -0.11407471
 -0.07897949]",rock,22050
"[ 0.07907104  0.09909058  0.03787231 ... -0.02233887 -0.02249146
 -0.01278687]",rock,22050
"[-0.04614258 -0.16088867 -0.04949951 ...  0.2315979   0.23287964
  0.19213867]",rock,22050
"[-0.01446533 -0.0246582  -0.02252197 ... -0.02563477 -0.03598022
 -0.04724121]",rock,22050
"[ 0.03897095  0.09915161  0.17953491 ... -0.02075195 -0.0227356
 -0.0168457 ]",rock,22050
"[-0.11642456 -0.14483643 -0.19577026 ...  0.23501587  0.2668457
  0.24856567]",rock,22050
"[-0.06097412 -0.08227539 -0.09133911 ... -0.246521   -0.3296814
 -0.31167603]",rock,22050
"[-0.02352905 -0.03363037 -0.03527832 ... -0.10430908 -0.10281372
 -0.08773804]",rock,22050
"[ 0.19281006  0.283844    0.22647095 ...  0.03961182 -0.00082397
 -0.15444946]",rock,22050
"[ 0.00222778 -0.04449463 -0.07247925 ... -0.13763428 -0.15084839
 -0.17767334]",rock,22050
"[ 0.05926514  0.06332397  0.03329468 ... -0.08285522  0.01535034
  0.11514282]",rock,22050
"[-0.03121948 -0.06448364 -0.05792236 ... -0.08337402 -0.10443115
 -0.10617065]",rock,22050
"[-0.06228638 -0.09375    -0.09216309 ... -0.06637573 -0.05273438
 -0.07110596]",rock,22050
"[-0.0826416  -0.12426758 -0.09277344 ... -0.09838867 -0.09558105
 -0.09036255]",rock,22050
"[ 0.07272339  0.10369873  0.10211182 ...  0.04983521  0.0390625
 -0.00601196]",rock,22050
"[-0.03414917 -0.0383606   0.00308228 ...  0.3545227   0.34646606
  0.2678833 ]",rock,22050
[0.0859375  0.14483643 0.14294434 ... 0.00994873 0.01605225 0.02294922],rock,22050
"[-0.02111816 -0.03451538 -0.03536987 ...  0.00134277  0.00250244
 -0.00186157]",rock,22050
